Date,Close,High,Low,Open,Volume,SMA,SMA_prev,Signal,Strategy_Shares,Strategy_Cash,Strategy_Portfolio_Value,Buy_and_Hold_Portfolio_Value,Cumulative_Buy_and_Hold_Returns,Cumulative_Strategy_Returns,Strategy_Returns
2025-03-03,578.69921875,592.1513529367862,574.8628395664972,591.0013951605243,74249200,563.5098100280761,563.1734606933594,1,2670.0366608549334,0.0,1545148.1296706088,1545148.1296706088,1.030098753113739,1.030098753113739,-0.017519950294720865
2025-03-04,571.8492431640625,580.3051786101872,567.2793012349447,574.6745236933907,109648200,563.8001768493652,563.5098100280761,1,2670.0366608549334,0.0,1526858.4437301944,1526858.4437301944,1.017905629153463,1.017905629153463,-0.01183684954808406
2025-03-05,577.995361328125,579.7995595159383,568.1020700009266,571.6806979232716,71230500,564.0894636535645,563.8001768493652,1,2670.0366608549334,0.0,1543268.8045501877,1543268.8045501877,1.028845869700125,1.028845869700125,0.010747794523703114
2025-03-06,567.7353515625,575.1305138313668,565.1678221830052,570.4812496614657,80094900,564.332801361084,564.0894636535645,1,2670.0366608549334,0.0,1515874.2023352392,1515874.2023352392,1.0105828015568261,1.0105828015568261,-0.017751024406233107
2025-03-07,570.9174194335938,572.3746821635032,560.7168223441957,565.9410653648017,81158800,564.5883186340332,564.332801361084,1,2670.0366608549334,0.0,1524370.440208388,1524370.440208388,1.0162469601389255,1.0162469601389255,0.005604843634161805
2025-03-10,555.710693359375,564.5928260670291,550.7640472991095,562.6598126082816,99326600,564.7648075866699,564.5883186340332,0,0.0,1483767.9240986453,1483767.9240986453,1483767.9240986453,0.9891786160657635,0.9891786160657635,-0.02663559659697423
2025-03-11,551.0911254882812,559.1208032031337,547.2250381485285,554.5409384975098,88102100,564.9118174743652,564.7648075866699,0,0.0,1483767.9240986453,1483767.9240986453,1471433.5085255175,0.980955672350345,0.9891786160657635,0.0
2025-03-12,554.0155029296875,558.2186634905289,548.8805050365849,557.2868261582678,69588200,565.0809593200684,564.9118174743652,0,0.0,1483767.9240986453,1483767.9240986453,1479241.7035042495,0.9861611356694996,0.9891786160657635,0.0
2025-03-13,546.6301879882812,554.2533928238977,544.9053118169562,553.6387831652644,74079400,565.2321730041504,565.0809593200684,0,0.0,1483767.9240986453,1483767.9240986453,1459522.641858735,0.9730150945724899,0.9891786160657635,0.0
2025-03-14,557.9212646484375,558.9324239905063,546.6995862320014,551.2794507149214,62660300,565.4227583312988,565.2321730041504,0,0.0,1483767.9240986453,1483767.9240986453,1489670.2304818756,0.993113486987917,0.9891786160657635,0.0
2025-03-17,562.2236328125,564.7613936613525,557.4652782790344,557.9014587611023,49008700,565.6330390930176,565.4227583312988,0,0.0,1483767.9240986453,1483767.9240986453,1501157.7112084178,1.0007718074722785,0.9891786160657635,0.0
2025-03-18,556.1468505859375,560.1121055231899,554.203853884888,559.8939850390469,66041400,565.8311485290527,565.6330390930176,0,0.0,1483767.9240986453,1483767.9240986453,1484932.479883464,0.9899549865889761,0.9891786160657635,0.0
2025-03-19,562.2037963867188,565.9906223374012,556.7515705240334,557.9411591768904,66556000,566.0766752624512,565.8311485290527,0,0.0,1483767.9240986453,1483767.9240986453,1501104.7472243614,1.0007364981495743,0.9891786160657635,0.0
2025-03-20,560.5780639648438,565.6139553056482,557.7131523935891,558.4368526534365,62958200,566.2907060241699,566.0766752624512,0,0.0,1483767.9240986453,1483767.9240986453,1496763.9820572147,0.9978426547048098,0.9891786160657635,0.0
2025-03-21,560.762939453125,561.6677826377718,554.8469278493619,556.0897976294804,83763000,566.5035505676269,566.2907060241699,0,0.0,1483767.9240986453,1483767.9240986453,1497257.6063886192,0.9981717375924127,0.9891786160657635,0.0
2025-03-24,570.8053588867188,571.86926269199,566.9474862667257,567.5440394813636,58766800,566.7637110900879,566.5035505676269,1,2599.428861341703,0.0,1483767.9240986453,1524071.2344399965,1.0160474896266645,0.9891786160657635,0.0
2025-03-25,572.177490234375,573.1220227068575,570.4175672260229,572.0183689196199,38355700,566.999903717041,566.7637110900879,1,2599.428861341703,0.0,1487334.6819252947,1527734.8754417468,1.0184899169611645,0.9915564546168631,0.002403851551660896
2025-03-26,565.3466796875,573.0425195248911,563.9546412826954,571.9090077398645,51848300,567.2019911193847,566.999903717041,0,0.0,1469578.4758433907,1469578.4758433907,1509496.3608582362,1.0063309072388242,0.9797189838955938,-0.011938272063231503
2025-03-27,563.8452758789062,567.6434930945948,561.717468314772,563.944681183511,42164200,567.3997624206543,567.2019911193847,0,0.0,1469578.4758433907,1469578.4758433907,1505487.5576465435,1.0036583717643623,0.9797189838955938,0.0
2025-03-28,552.4904174804688,563.0399428035041,551.903816900767,562.304173568215,71662700,567.5326597595215,567.3997624206543,0,0.0,1469578.4758433907,1469578.4758433907,1475169.6694438988,0.9834464462959326,0.9797189838955938,0.0
2025-03-31,556.1991577148438,557.5116354900671,543.750554530121,546.6936920279248,95328200,567.6777680969238,567.5326597595215,0,0.0,1469578.4758433907,1469578.4758433907,1485072.141835268,0.9900480945568453,0.9797189838955938,0.0
2025-04-01,557.7700805664062,559.7288748312798,550.5216860996894,554.270200650382,54609600,567.8090824890137,567.6777680969238,0,0.0,1469578.4758433907,1469578.4758433907,1489266.5634403145,0.9928443756268763,0.9797189838955938,0.0
2025-04-02,561.2999267578125,564.1833483830226,551.645291964534,551.883913264606,76014500,567.9526954650879,567.8090824890137,0,0.0,1469578.4758433907,1469578.4758433907,1498691.3821785485,0.9991275881190324,0.9797189838955938,0.0
2025-04-03,533.6385498046875,544.844221821506,533.6385498046875,542.0005504953318,125986000,567.9563813781738,567.9526954650879,0,0.0,1469578.4758433907,1469578.4758433907,1424834.491623977,0.9498896610826513,0.9797189838955938,0.0
2025-04-04,502.3977966308594,522.8703441644736,502.17905033414394,520.6828811973194,217965100,567.7826568603516,567.9563813781738,1,2925.129221701533,0.0,1469578.4758433907,1341420.5353371357,0.8942803568914238,0.9797189838955938,0.0
2025-04-07,501.5029296875,520.1857262659767,479.0517131179981,486.3995737800916,256611400,567.5976342773438,567.7826568603516,1,2925.129221701533,0.0,1466960.8743978355,1339031.207791779,0.892687471861186,0.9779739162652237,-0.0017811920142971616
2025-04-08,493.64801025390625,521.9854113898446,486.36975741253633,518.8832132196871,165816600,567.3806512451172,567.5976342773438,1,2925.129221701533,0.0,1443984.2200285192,1318058.2849360218,0.8787055232906812,0.9626561466856794,-0.015662758816759714
2025-04-09,545.4906005859375,545.4906005859375,490.23757127668296,490.62536123459006,241867300,567.4264810180664,567.3806512451172,0,0.0,1595630.4959374452,1595630.4959374452,1456479.9017162288,0.9709866011441526,1.0637536639582967,0.1050193442598224
2025-04-10,521.5877075195312,530.4568090591443,506.41474390850067,529.1343786533849,162331200,567.3615139770508,567.4264810180664,0,0.0,1595630.4959374452,1595630.4959374452,1392658.3009284288,0.9284388672856192,1.0637536639582967,0.0
2025-04-11,530.894287109375,533.3700738725757,517.1034096020134,520.0266416001656,97866300,567.3327865600586,567.3615139770508,0,0.0,1595630.4959374452,1595630.4959374452,1417507.209620476,0.9450048064136507,1.0637536639582967,0.0
2025-04-14,536.0447387695312,541.1753390049968,530.8147332303623,540.9466097072813,68034000,567.3264624023437,567.3327865600586,0,0.0,1595630.4959374452,1595630.4959374452,1431259.1043730543,0.9541727362487029,1.0637536639582967,0.0
2025-04-15,534.5433349609375,540.1312723398183,533.7479104814203,536.5915818220184,56892900,567.3083963012696,567.3264624023437,0,0.0,1595630.4959374452,1595630.4959374452,1427250.3011613619,0.9515002007742412,1.0637536639582967,0.0
2025-04-16,522.6614990234375,534.8217778198467,517.3221354783915,528.6471791077158,83484800,567.2415090942383,567.3083963012696,0,0.0,1595630.4959374452,1595630.4959374452,1395525.363609973,0.9303502424066488,1.0637536639582967,0.0
2025-04-17,523.4072265625,528.1400842911512,520.9214870568637,524.6302516664327,79868100,567.172834777832,567.2415090942383,0,0.0,1595630.4959374452,1595630.4959374452,1397516.483478279,0.9316776556521861,1.0637536639582967,0.0
2025-04-21,510.94873046875,518.7241309058172,505.55963388256157,518.1871723342323,69368100,567.0237936401368,567.172834777832,0,0.0,1595630.4959374452,1595630.4959374452,1364251.8421688487,0.9095012281125658,1.0637536639582967,0.0
2025-04-22,524.2424926757812,526.2807870532888,516.2284704641588,517.1730636694438,75948100,566.9291555786133,567.0237936401368,0,0.0,1595630.4959374452,1595630.4959374452,1399746.6746223099,0.9331644497482066,1.0637536639582967,0.0
2025-04-23,532.3658447265625,542.3187554782935,530.8346510289886,537.3472764364299,90590700,566.8594732666015,566.9291555786133,0,0.0,1595630.4959374452,1595630.4959374452,1421436.322406927,0.9476242149379512,1.0637536639582967,0.0
2025-04-24,543.5715942382812,544.3073634486632,532.3957187263146,533.6584331737259,64150400,566.8426681518555,566.8594732666015,0,0.0,1595630.4959374452,1595630.4959374452,1451356.0844155732,0.9675707229437155,1.0637536639582967,0.0
2025-04-25,547.4990844726562,547.9067190711562,540.5887161390857,543.5318537188763,61119600,566.8428405761719,566.8426681518555,0,0.0,1595630.4959374452,1595630.4959374452,1461842.6273265043,0.9745617515510029,1.0637536639582967,0.0
2025-04-28,547.7078247070312,550.3924355414467,541.9111238077456,548.2447832861145,47613800,566.8169708251953,566.8428405761719,0,0.0,1595630.4959374452,1595630.4959374452,1462399.971404881,0.9749333142699207,1.0637536639582967,0.0
2025-04-29,551.1580810546875,552.2816402164788,545.4209745990806,545.7789065390313,47775100,566.8321881103516,566.8169708251953,0,0.0,1595630.4959374452,1595630.4959374452,1471612.2823424705,0.9810748548949804,1.0637536639582967,0.0
2025-04-30,551.3768310546875,553.3455782199762,538.4311395978207,544.4466177046888,93101500,566.8312127685547,566.8321881103516,0,0.0,1595630.4959374452,1595630.4959374452,1472196.3528620326,0.9814642352413551,1.0637536639582967,0.0
2025-05-01,555.2843627929688,560.8524558505887,554.6778569018302,557.1735491438936,63186100,566.8421908569336,566.8312127685547,0,0.0,1595630.4959374452,1595630.4959374452,1482629.6058566978,0.9884197372377985,1.0637536639582967,0.0
2025-05-02,563.527099609375,565.1378539569648,559.1720791327064,561.5086499974077,60717300,566.8779830932617,566.8421908569336,0,0.0,1595630.4959374452,1595630.4959374452,1504638.015342281,1.0030920102281873,1.0637536639582967,0.0
2025-05-05,560.2955932617188,563.4176964006293,558.4959204283713,559.3609528534779,38659200,566.9366226196289,566.8779830932617,0,0.0,1595630.4959374452,1595630.4959374452,1496009.7749242533,0.9973398499495022,1.0637536639582967,0.0
2025-05-06,555.6124877929688,560.1365216016732,553.7830174830004,554.747455291201,48264700,566.9929251098633,566.9366226196289,0,0.0,1595630.4959374452,1595630.4959374452,1483505.7116360408,0.9890038077573605,1.0637536639582967,0.0
2025-05-07,557.9490966796875,560.6038493983164,552.8681991631311,556.9548009077818,55588000,567.078984375,566.9929251098633,0,0.0,1595630.4959374452,1595630.4959374452,1489744.5430256592,0.9931630286837728,1.0637536639582967,0.0
2025-05-08,561.8367919921875,567.0568450320475,558.4959726115572,562.0157579568283,65130800,567.1566073608399,567.078984375,0,0.0,1595630.4959374452,1595630.4959374452,1500124.8320362682,1.0000832213575122,1.0637536639582967,0.0
2025-05-09,561.1209106445312,564.2628586264095,559.5499063100929,563.2486575047216,37603400,567.2349353027344,567.1566073608399,0,0.0,1595630.4959374452,1595630.4959374452,1498213.4025932036,0.9988089350621357,1.0637536639582967,0.0
2025-05-12,579.66455078125,579.6745034500635,573.7484781026347,578.1532016097033,78993600,567.4677883911132,567.2349353027344,1,2752.6791034347616,0.0,1595630.4959374452,1547725.6015839437,1.031817067722629,1.0637536639582967,0.0
2025-05-13,583.4926147460938,585.7198277838014,579.5154312681863,580.0821265092247,67947200,567.7336703491211,567.4677883911132,1,2752.6791034347616,0.0,1606167.9276200822,1557946.6727101742,1.0386311151401162,1.070778618413388,0.006603929737784453
2025-05-14,584.2383422851562,585.6203674349406,582.1999871834588,584.4570582487896,66283500,567.973583984375,567.7336703491211,1,2752.6791034347616,0.0,1608220.6762337154,1559937.7925784802,1.0399585283856534,1.0721471174891435,0.0012780410929229546
2025-05-15,587.0919189453125,587.5989588253952,581.7624473439984,582.2198452585625,71268100,568.2261895751953,567.973583984375,1,2752.6791034347616,0.0,1616075.6570761765,1567556.9468756574,1.0450379645837715,1.0773837713841177,0.004884268035190598
2025-05-16,590.810546875,591.108823462645,585.9186287766337,587.8773622746659,76052100,568.5109805297851,568.2261895751953,1,2752.6791034347616,0.0,1626311.8464716761,1577485.819776002,1.0516572131840014,1.084207897647784,0.00633397907497657
2025-05-19,591.4568481445312,592.1429146923263,584.7453513153635,584.7453513153635,68168500,568.755615234375,568.5109805297851,1,2752.6791034347616,0.0,1628090.9064708382,1579211.4678596077,1.0528076452397384,1.0853939376472255,0.001093923040050182
2025-05-20,589.46826171875,590.661428858583,586.2368002538279,589.7069436963179,60614500,569.0287210083007,568.755615234375,1,2752.6791034347616,0.0,1622616.9661712162,1573901.8691994932,1.049267912799662,1.081744644114144,-0.0033621834492569835
2025-05-21,579.5352783203125,589.1998657689248,578.5012324590923,585.0834662873492,95197700,569.3019515991211,569.0287210083007,1,2752.6791034347616,0.0,1595274.650335573,1547380.4393740017,1.0315869595826679,1.0635164335570486,-0.016850751844510348
2025-05-22,579.7639770507812,583.2738097421649,578.0935066667054,579.3363764431303,70860400,569.6527592468261,569.3019515991211,1,2752.6791034347616,0.0,1595904.1845519163,1547991.073368644,1.0319940489124293,1.063936123034611,0.00039462434647918876
2025-05-23,575.806640625,578.4912514897796,572.3166525694867,572.6944898379297,76029000,569.9602891540527,569.6527592468261,1,2752.6791034347616,0.0,1585010.907267407,1537424.8400324716,1.024949893354981,1.0566739381782713,-0.006825771490515775
2025-05-27,587.7780151367188,587.9370757702034,575.1305403861026,582.7269752337963,72588500,570.3448634338379,569.9602891540527,1,2752.6791034347616,0.0,1617964.2597252068,1569388.8488595851,1.0462592325730566,1.0786428398168044,0.020790615576653737
2025-05-28,584.3775024414062,589.3887925532393,583.6417331947018,588.1856726822466,68445500,570.6533860778809,570.3448634338379,1,2752.6791034347616,0.0,1608603.7394878555,1560309.355297398,1.040206236864932,1.0724024929919036,-0.005785368979003946
2025-05-29,586.6842651367188,589.8163213976459,582.7269869994868,589.6771054111595,69973300,570.9619181823731,570.6533860778809,1,2752.6791034347616,0.0,1614953.516955825,1566468.496261775,1.0443123308411832,1.07663567797055,0.003947384500045503
2025-05-30,586.028076171875,587.7581413312192,579.9131321005323,585.5706782096897,90601200,571.2657905578614,570.9619181823731,1,2752.6791034347616,0.0,1613147.2393043952,1564716.4476691936,1.043144298446129,1.0754314928695967,-0.0011184703661530904
